{"mean":{"confidence_interval":{"confidence_level":0.95,"lower_bound":6718549.55159375,"upper_bound":6782157.178},"point_estimate":6747628.8225,"standard_error":16289.936658186283},"median":{"confidence_interval":{"confidence_level":0.95,"lower_bound":6682837.125,"upper_bound":6687334.625},"point_estimate":6684665.875,"standard_error":1231.425020108093},"median_abs_dev":{"confidence_interval":{"confidence_level":0.95,"lower_bound":5821.220306027682,"upper_bound":12744.05872374773},"point_estimate":8039.583682268858,"standard_error":1771.4674540825533},"slope":null,"std_dev":{"confidence_interval":{"confidence_level":0.95,"lower_bound":98098.7006617046,"upper_bound":220583.03880891894},"point_estimate":163178.3396175689,"standard_error":31590.460545783946}}