{"mean":{"confidence_interval":{"confidence_level":0.95,"lower_bound":-0.02179271126853228,"upper_bound":-0.0055490682815840945},"point_estimate":-0.012651005171823604,"standard_error":0.0042049559593873706},"median":{"confidence_interval":{"confidence_level":0.95,"lower_bound":-0.0008322618474586201,"upper_bound":0.00044979867716876676},"point_estimate":-0.00008252836888289483,"standard_error":0.00032633526676379484}}