{"mean":{"confidence_interval":{"confidence_level":0.95,"lower_bound":13426917.582625,"upper_bound":13429612.05},"point_estimate":13428247.1925,"standard_error":688.2531258259554},"median":{"confidence_interval":{"confidence_level":0.95,"lower_bound":13425360.75,"upper_bound":13429147.125},"point_estimate":13427363.375,"standard_error":937.8762418640155},"median_abs_dev":{"confidence_interval":{"confidence_level":0.95,"lower_bound":4985.608428362757,"upper_bound":8514.015673846006},"point_estimate":6553.277208656073,"standard_error":909.4082262661126},"slope":null,"std_dev":{"confidence_interval":{"confidence_level":0.95,"lower_bound":5859.415463181324,"upper_bound":7851.8350905197},"point_estimate":6914.093631381035,"standard_error":509.30092225391076}}