{"mean":{"confidence_interval":{"confidence_level":0.95,"lower_bound":2632474.3747368413,"upper_bound":2635725.3456973676},"point_estimate":2633932.9526315774,"standard_error":839.9967753194766},"median":{"confidence_interval":{"confidence_level":0.95,"lower_bound":2631276.3157894737,"upper_bound":2632154.736842105},"point_estimate":2631624.263157895,"standard_error":231.30665097570474},"median_abs_dev":{"confidence_interval":{"confidence_level":0.95,"lower_bound":1220.8820625359367,"upper_bound":2372.2379894631954},"point_estimate":1797.925578607065,"standard_error":301.8494133957803},"slope":null,"std_dev":{"confidence_interval":{"confidence_level":0.95,"lower_bound":4037.754615435389,"upper_bound":12212.997387874886},"point_estimate":8482.67022271324,"standard_error":2110.5022682758186}}