{"mean":{"confidence_interval":{"confidence_level":0.95,"lower_bound":2632380.3924605264,"upper_bound":2633274.9707894744},"point_estimate":2632809.078421054,"standard_error":228.523318257086},"median":{"confidence_interval":{"confidence_level":0.95,"lower_bound":2631931.3157894737,"upper_bound":2632358.6315789474},"point_estimate":2632219.1842105268,"standard_error":107.94139687787224},"median_abs_dev":{"confidence_interval":{"confidence_level":0.95,"lower_bound":910.9016206709321,"upper_bound":1614.746450279961},"point_estimate":1262.8630512640004,"standard_error":175.4502377786467},"slope":null,"std_dev":{"confidence_interval":{"confidence_level":0.95,"lower_bound":1753.0544215006344,"upper_bound":2740.9439396619086},"point_estimate":2294.782004424347,"standard_error":252.6564481466341}}