{"mean":{"confidence_interval":{"confidence_level":0.95,"lower_bound":6678170.73071875,"upper_bound":6680251.5094375005},"point_estimate":6679167.83625,"standard_error":531.6683389357061},"median":{"confidence_interval":{"confidence_level":0.95,"lower_bound":6677014.5,"upper_bound":6678682.625},"point_estimate":6677545.1875,"standard_error":442.9085029478341},"median_abs_dev":{"confidence_interval":{"confidence_level":0.95,"lower_bound":2532.4660800397396,"upper_bound":4498.856957629323},"point_estimate":3448.9908512681723,"standard_error":504.6484239320964},"slope":null,"std_dev":{"confidence_interval":{"confidence_level":0.95,"lower_bound":4134.655830316268,"upper_bound":6401.859213611368},"point_estimate":5343.4673594901415,"standard_error":579.1391498608135}}