{"mean":{"confidence_interval":{"confidence_level":0.95,"lower_bound":3558399.899285716,"upper_bound":3560126.59507143},"point_estimate":3559171.924285714,"standard_error":443.5005676231022},"median":{"confidence_interval":{"confidence_level":0.95,"lower_bound":3558190.714285714,"upper_bound":3558974.214285714},"point_estimate":3558705.7857142854,"standard_error":236.7564395666013},"median_abs_dev":{"confidence_interval":{"confidence_level":0.95,"lower_bound":1478.0992237585424,"upper_bound":2829.9219660088224},"point_estimate":2007.5992143578412,"standard_error":336.68152613282786},"slope":null,"std_dev":{"confidence_interval":{"confidence_level":0.95,"lower_bound":2486.0176486520727,"upper_bound":6508.593568609729},"point_estimate":4440.678297569968,"standard_error":1171.021543265313}}