{"mean":{"confidence_interval":{"confidence_level":0.95,"lower_bound":60735901.819249995,"upper_bound":60981209.93},"point_estimate":60848833.0,"standard_error":62912.110456753064},"median":{"confidence_interval":{"confidence_level":0.95,"lower_bound":60588211.0,"upper_bound":60634513.0},"point_estimate":60611297.0,"standard_error":11112.254360569337},"median_abs_dev":{"confidence_interval":{"confidence_level":0.95,"lower_bound":48927.28173136711,"upper_bound":105022.95286796987},"point_estimate":69780.05036115646,"standard_error":14572.714480843024},"slope":null,"std_dev":{"confidence_interval":{"confidence_level":0.95,"lower_bound":386182.1275282505,"upper_bound":837506.3798510309},"point_estimate":632667.2225755772,"standard_error":115358.15833817665}}