{"mean":{"confidence_interval":{"confidence_level":0.95,"lower_bound":0.003972995835117982,"upper_bound":0.030877685681984207},"point_estimate":0.01657960023773586,"standard_error":0.0067929322444887155},"median":{"confidence_interval":{"confidence_level":0.95,"lower_bound":-0.0013937545760998038,"upper_bound":0.00030811691577770084},"point_estimate":-0.0007553775246306182,"standard_error":0.00039460750208404415}}