{"mean":{"confidence_interval":{"confidence_level":0.95,"lower_bound":-0.015055463684559326,"upper_bound":-0.0029399969678406165},"point_estimate":-0.008675987659786166,"standard_error":0.0030879054464892706},"median":{"confidence_interval":{"confidence_level":0.95,"lower_bound":-0.0013440192047663446,"upper_bound":0.00018889406989686108},"point_estimate":-0.0003733635267663127,"standard_error":0.00040153606616697156}}