{"mean":{"confidence_interval":{"confidence_level":0.95,"lower_bound":-0.9416356054481718,"upper_bound":-0.9413973684231611},"point_estimate":-0.9415079673872182,"standard_error":0.0000608774772559298},"median":{"confidence_interval":{"confidence_level":0.95,"lower_bound":-0.941311192549455,"upper_bound":-0.941265064779174},"point_estimate":-0.9412864274177422,"standard_error":0.000011398653479903697}}