{"mean":{"confidence_interval":{"confidence_level":0.95,"lower_bound":-0.0012870445882166648,"upper_bound":0.01122751780828338},"point_estimate":0.004473128123235082,"standard_error":0.0031850188330030038},"median":{"confidence_interval":{"confidence_level":0.95,"lower_bound":-0.0004057498866348874,"upper_bound":0.00019070608623872332},"point_estimate":-0.00016562906541961464,"standard_error":0.00015143922081152134}}