{"mean":{"confidence_interval":{"confidence_level":0.95,"lower_bound":-0.8997973828422975,"upper_bound":-0.8990098439470892},"point_estimate":-0.8993842926659814,"standard_error":0.00019972577390807902},"median":{"confidence_interval":{"confidence_level":0.95,"lower_bound":-0.8990562210994333,"upper_bound":-0.8989546950397117},"point_estimate":-0.8989919648019498,"standard_error":0.000023615960497570802}}