{"mean":{"confidence_interval":{"confidence_level":0.95,"lower_bound":-0.017791306584619145,"upper_bound":-0.00001351514633562978},"point_estimate":-0.008276337056548178,"standard_error":0.004525709203036689},"median":{"confidence_interval":{"confidence_level":0.95,"lower_bound":-0.0023772386116340826,"upper_bound":-0.0005420244567931887},"point_estimate":-0.0015320527470388257,"standard_error":0.00046905502276189113}}