{"mean":{"confidence_interval":{"confidence_level":0.95,"lower_bound":0.048948755679815714,"upper_bound":0.13981025146699316},"point_estimate":0.0900920991342451,"standard_error":0.022963342458170676},"median":{"confidence_interval":{"confidence_level":0.95,"lower_bound":-0.0006330464024722398,"upper_bound":0.0006023435915996078},"point_estimate":0.00013603962707664508,"standard_error":0.0003002052999359406}}