{"mean":{"confidence_interval":{"confidence_level":0.95,"lower_bound":40373164.905,"upper_bound":40391791.370875},"point_estimate":40381486.43,"standard_error":4782.045347508082},"median":{"confidence_interval":{"confidence_level":0.95,"lower_bound":40365633.25,"upper_bound":40374513.75},"point_estimate":40370021.0,"standard_error":2489.8210731785266},"median_abs_dev":{"confidence_interval":{"confidence_level":0.95,"lower_bound":12072.44093567133,"upper_bound":20378.707288205624},"point_estimate":16283.024860918522,"standard_error":2146.5403863264473},"slope":null,"std_dev":{"confidence_interval":{"confidence_level":0.95,"lower_bound":22743.452227636066,"upper_bound":68633.86801648929},"point_estimate":48056.88147414794,"standard_error":11912.745459122061}}