{"mean":{"confidence_interval":{"confidence_level":0.95,"lower_bound":-0.00015564943661421904,"upper_bound":0.0037888713445429476},"point_estimate":0.0015532936807975961,"standard_error":0.0009984756375359164},"median":{"confidence_interval":{"confidence_level":0.95,"lower_bound":-0.0008328432138021702,"upper_bound":-0.00018050754930531987},"point_estimate":-0.0004145001769982892,"standard_error":0.00016465429109485812}}