{"mean":{"confidence_interval":{"confidence_level":0.95,"lower_bound":-0.01885340518152112,"upper_bound":-0.0068645137892740715},"point_estimate":-0.01238682323713658,"standard_error":0.0030738500414010184},"median":{"confidence_interval":{"confidence_level":0.95,"lower_bound":-0.0006692792602808195,"upper_bound":0.00003412929465196335},"point_estimate":-0.00027760547367561283,"standard_error":0.0001900279484203032}}