{"mean":{"confidence_interval":{"confidence_level":0.95,"lower_bound":-0.033277656110759474,"upper_bound":-0.010976577959320503},"point_estimate":-0.021649410033862115,"standard_error":0.005698640863662153},"median":{"confidence_interval":{"confidence_level":0.95,"lower_bound":-0.0058234771907747914,"upper_bound":-0.0011079961764405288},"point_estimate":-0.002419907942482147,"standard_error":0.0013124569802458292}}