{"mean":{"confidence_interval":{"confidence_level":0.95,"lower_bound":-0.9256777413396268,"upper_bound":-0.9245033099562383},"point_estimate":-0.925123095643731,"standard_error":0.000296499701381873},"median":{"confidence_interval":{"confidence_level":0.95,"lower_bound":-0.9257709475331954,"upper_bound":-0.9257227926178296},"point_estimate":-0.9257504911397335,"standard_error":0.000011651215029161048}}