{"mean":{"confidence_interval":{"confidence_level":0.95,"lower_bound":0.0023438927016134173,"upper_bound":0.02382932578355292},"point_estimate":0.012954697262154369,"standard_error":0.005473244126328229},"median":{"confidence_interval":{"confidence_level":0.95,"lower_bound":-0.0016832677294696952,"upper_bound":0.0026988748097600546},"point_estimate":-0.0010945545973859439,"standard_error":0.0010006508530147097}}