{"mean":{"confidence_interval":{"confidence_level":0.95,"lower_bound":20405436.376333326,"upper_bound":20888695.461833324},"point_estimate":20619084.86,"standard_error":123690.69322368913},"median":{"confidence_interval":{"confidence_level":0.95,"lower_bound":20177829.333333332,"upper_bound":20250021.333333332},"point_estimate":20182311.666666668,"standard_error":17169.380282041555},"median_abs_dev":{"confidence_interval":{"confidence_level":0.95,"lower_bound":17110.19209623521,"upper_bound":124525.17793923497},"point_estimate":30260.6067627696,"standard_error":25367.861513619067},"slope":null,"std_dev":{"confidence_interval":{"confidence_level":0.95,"lower_bound":628390.0524565931,"upper_bound":1814646.6427035737},"point_estimate":1244458.805584788,"standard_error":318450.7404990999}}