{"mean":{"confidence_interval":{"confidence_level":0.95,"lower_bound":1697285.9042734012,"upper_bound":1759301.977603714},"point_estimate":1725439.2337573352,"standard_error":15953.754201662368},"median":{"confidence_interval":{"confidence_level":0.95,"lower_bound":1679291.856029106,"upper_bound":1679701.4103174603},"point_estimate":1679435.3834269661,"standard_error":89.10938274403262},"median_abs_dev":{"confidence_interval":{"confidence_level":0.95,"lower_bound":588.3245773927714,"upper_bound":1127.3729321337955},"point_estimate":788.7386978348134,"standard_error":139.58210942874777},"slope":{"confidence_interval":{"confidence_level":0.95,"lower_bound":1730890.5066521377,"upper_bound":1873127.5202649445},"point_estimate":1799359.748597606,"standard_error":36482.608980117264},"std_dev":{"confidence_interval":{"confidence_level":0.95,"lower_bound":89650.24496396672,"upper_bound":215271.29054275947},"point_estimate":160688.2130355668,"standard_error":32019.205723069943}}