{"mean":{"confidence_interval":{"confidence_level":0.95,"lower_bound":6707737.520625,"upper_bound":6764430.9329375},"point_estimate":6732346.8025,"standard_error":14582.303515011647},"median":{"confidence_interval":{"confidence_level":0.95,"lower_bound":6684366.0,"upper_bound":6686346.0},"point_estimate":6685255.9375,"standard_error":496.50187470668897},"median_abs_dev":{"confidence_interval":{"confidence_level":0.95,"lower_bound":3443.3384388685226,"upper_bound":6531.964834034443},"point_estimate":4738.852828368545,"standard_error":794.8703027410954},"slope":null,"std_dev":{"confidence_interval":{"confidence_level":0.95,"lower_bound":68219.72859971269,"upper_bound":220596.17231467966},"point_estimate":146829.4372259238,"standard_error":42720.71158788198}}