{"mean":{"confidence_interval":{"confidence_level":0.95,"lower_bound":13610347.682125,"upper_bound":13881026.135375},"point_estimate":13734798.75,"standard_error":69213.89712458939},"median":{"confidence_interval":{"confidence_level":0.95,"lower_bound":13424450.75,"upper_bound":13478684.5},"point_estimate":13430478.5,"standard_error":12515.892522588329},"median_abs_dev":{"confidence_interval":{"confidence_level":0.95,"lower_bound":16694.44635361433,"upper_bound":95680.37229945877},"point_estimate":26659.927401691675,"standard_error":18549.55131109681},"slope":null,"std_dev":{"confidence_interval":{"confidence_level":0.95,"lower_bound":420213.29080465925,"upper_bound":928855.1192807838},"point_estimate":696156.3282937782,"standard_error":129908.28781833925}}