{"mean":{"confidence_interval":{"confidence_level":0.95,"lower_bound":-0.934821316309026,"upper_bound":-0.9347842422207249},"point_estimate":-0.934801580843614,"standard_error":9.448294185584193e-6},"median":{"confidence_interval":{"confidence_level":0.95,"lower_bound":-0.9348068683783081,"upper_bound":-0.934788903594583},"point_estimate":-0.93479767612183,"standard_error":4.861954694225522e-6}}