{"mean":{"confidence_interval":{"confidence_level":0.95,"lower_bound":-0.007044874143372559,"upper_bound":-0.0031904649488905235},"point_estimate":-0.004952338585219818,"standard_error":0.0009853027831258265},"median":{"confidence_interval":{"confidence_level":0.95,"lower_bound":-0.0025956398066360373,"upper_bound":-0.0017478757881330687},"point_estimate":-0.0019694159162544356,"standard_error":0.00021539947096956108}}