{"mean":{"confidence_interval":{"confidence_level":0.95,"lower_bound":0.017485993738709838,"upper_bound":0.04497659005273947},"point_estimate":0.029347836454856946,"standard_error":0.0068716410598737435},"median":{"confidence_interval":{"confidence_level":0.95,"lower_bound":0.0016423325744492345,"upper_bound":0.002444760027917159},"point_estimate":0.0019107714300192757,"standard_error":0.00018327099562186948}}