{"mean":{"confidence_interval":{"confidence_level":0.95,"lower_bound":-0.01625563828490985,"upper_bound":-0.0061055651008973255},"point_estimate":-0.010763580530309014,"standard_error":0.0026034254611817203},"median":{"confidence_interval":{"confidence_level":0.95,"lower_bound":-0.0019117068413176952,"upper_bound":-0.001084937466386271},"point_estimate":-0.0014193060501925814,"standard_error":0.00022133056124527727}}