{"mean":{"confidence_interval":{"confidence_level":0.95,"lower_bound":126595.61145586258,"upper_bound":126714.14988690098},"point_estimate":126654.4985976195,"standard_error":30.254551094036856},"median":{"confidence_interval":{"confidence_level":0.95,"lower_bound":126605.44166666667,"upper_bound":126679.125},"point_estimate":126648.79414682538,"standard_error":21.67997146110832},"median_abs_dev":{"confidence_interval":{"confidence_level":0.95,"lower_bound":166.09985212557697,"upper_bound":260.78248930957267},"point_estimate":218.02521601899835,"standard_error":24.274365298527567},"slope":{"confidence_interval":{"confidence_level":0.95,"lower_bound":126638.92427480873,"upper_bound":126713.8742091217},"point_estimate":126675.27986404611,"standard_error":19.084368888596593},"std_dev":{"confidence_interval":{"confidence_level":0.95,"lower_bound":234.5549969593921,"upper_bound":369.77504179701646},"point_estimate":304.1650421607059,"standard_error":34.598873290425495}}