{"mean":{"confidence_interval":{"confidence_level":0.95,"lower_bound":3558037.168846153,"upper_bound":3559323.394576923},"point_estimate":3558658.9346153843,"standard_error":329.23709418874347},"median":{"confidence_interval":{"confidence_level":0.95,"lower_bound":3557322.3846153845,"upper_bound":3558113.5384615385},"point_estimate":3557821.653846154,"standard_error":175.62239186945834},"median_abs_dev":{"confidence_interval":{"confidence_level":0.95,"lower_bound":1343.4636684566567,"upper_bound":2798.749588773429},"point_estimate":1950.75942690524,"standard_error":371.03363438674745},"slope":null,"std_dev":{"confidence_interval":{"confidence_level":0.95,"lower_bound":2704.0209023775838,"upper_bound":3828.3607920747545},"point_estimate":3312.6974791029793,"standard_error":287.2481750924847}}