{"mean":{"confidence_interval":{"confidence_level":0.95,"lower_bound":3558004.309050001,"upper_bound":3558919.831966668},"point_estimate":3558448.91,"standard_error":232.59737262679482},"median":{"confidence_interval":{"confidence_level":0.95,"lower_bound":3557957.2666666666,"upper_bound":3558720.9},"point_estimate":3558405.5999999996,"standard_error":208.09479314282805},"median_abs_dev":{"confidence_interval":{"confidence_level":0.95,"lower_bound":1251.1105202884005,"upper_bound":2377.8432577850735},"point_estimate":1686.25979006226,"standard_error":296.68113856747544},"slope":null,"std_dev":{"confidence_interval":{"confidence_level":0.95,"lower_bound":1782.265705405224,"upper_bound":2853.3268774704325},"point_estimate":2328.3594386293657,"standard_error":274.5253456440872}}