{"mean":{"confidence_interval":{"confidence_level":0.95,"lower_bound":-0.046397245500978186,"upper_bound":-0.01704014633665589},"point_estimate":-0.03101170508099338,"standard_error":0.007477552700242116},"median":{"confidence_interval":{"confidence_level":0.95,"lower_bound":-0.01369958758351053,"upper_bound":-0.003699869868547867},"point_estimate":-0.007981188394613925,"standard_error":0.0024354729995318502}}