{"mean":{"confidence_interval":{"confidence_level":0.95,"lower_bound":13472121.359250002,"upper_bound":13643192.163999999},"point_estimate":13544585.215,"standard_error":44362.267510524165},"median":{"confidence_interval":{"confidence_level":0.95,"lower_bound":13440663.625,"upper_bound":13444597.5},"point_estimate":13442726.125,"standard_error":1124.2884358271883},"median_abs_dev":{"confidence_interval":{"confidence_level":0.95,"lower_bound":6197.453214973211,"upper_bound":11648.046693205833},"point_estimate":8687.850520759821,"standard_error":1438.3282567315598},"slope":null,"std_dev":{"confidence_interval":{"confidence_level":0.95,"lower_bound":162144.73143792638,"upper_bound":689706.1990166996},"point_estimate":442344.5250809555,"standard_error":148793.88722609202}}