{"mean":{"confidence_interval":{"confidence_level":0.95,"lower_bound":0.08998685327353353,"upper_bound":0.18545953359732803},"point_estimate":0.13820224908867162,"standard_error":0.024457668671179846},"median":{"confidence_interval":{"confidence_level":0.95,"lower_bound":0.046537896952140834,"upper_bound":0.21413551224498772},"point_estimate":0.11952101094667644,"standard_error":0.05211205861434072}}