{"mean":{"confidence_interval":{"confidence_level":0.95,"lower_bound":-0.031376822461083774,"upper_bound":0.006883065468602806},"point_estimate":-0.012424912738507099,"standard_error":0.009781957616838062},"median":{"confidence_interval":{"confidence_level":0.95,"lower_bound":-0.013704408774980026,"upper_bound":0.0026798769745799422},"point_estimate":-0.005731836619486286,"standard_error":0.004333677975425381}}