{"mean":{"confidence_interval":{"confidence_level":0.95,"lower_bound":-0.0024981267508343424,"upper_bound":0.01664759248654023},"point_estimate":0.006231637304975335,"standard_error":0.004791540134496971},"median":{"confidence_interval":{"confidence_level":0.95,"lower_bound":-0.0006334211553580271,"upper_bound":0.0004903394292024021},"point_estimate":-0.000015945674499140416,"standard_error":0.000286499507067793}}