{"mean":{"confidence_interval":{"confidence_level":0.95,"lower_bound":-0.9394535633105505,"upper_bound":-0.939365601803334},"point_estimate":-0.9394131106336617,"standard_error":0.00002328164424321655},"median":{"confidence_interval":{"confidence_level":0.95,"lower_bound":-0.9394883949479549,"upper_bound":-0.9394624006926244},"point_estimate":-0.9394767747288049,"standard_error":6.846472586277157e-6}}