{"mean":{"confidence_interval":{"confidence_level":0.95,"lower_bound":-0.005853988779235708,"upper_bound":-0.0020926545421733594},"point_estimate":-0.003768313466703699,"standard_error":0.0009660990901469748},"median":{"confidence_interval":{"confidence_level":0.95,"lower_bound":-0.0010520412066943319,"upper_bound":-0.00031168946224224836},"point_estimate":-0.0005725254832449345,"standard_error":0.00019566441975790388}}