{"mean":{"confidence_interval":{"confidence_level":0.95,"lower_bound":13545378.749625,"upper_bound":13724748.5601875},"point_estimate":13629018.5475,"standard_error":45888.353896354914},"median":{"confidence_interval":{"confidence_level":0.95,"lower_bound":13425493.25,"upper_bound":13439556.25},"point_estimate":13430791.0,"standard_error":4059.790913620274},"median_abs_dev":{"confidence_interval":{"confidence_level":0.95,"lower_bound":11238.478450477123,"upper_bound":34982.68767893314},"point_estimate":18507.110146433115,"standard_error":6495.9413052149475},"slope":null,"std_dev":{"confidence_interval":{"confidence_level":0.95,"lower_bound":319180.63098163996,"upper_bound":571319.8465980227},"point_estimate":459865.9922730065,"standard_error":64336.33608527881}}