{"mean":{"confidence_interval":{"confidence_level":0.95,"lower_bound":48131077.792125,"upper_bound":49468209.749249995},"point_estimate":48758669.895,"standard_error":342429.26704623026},"median":{"confidence_interval":{"confidence_level":0.95,"lower_bound":47106289.5,"upper_bound":47421022.0},"point_estimate":47119367.25,"standard_error":78542.9349008382},"median_abs_dev":{"confidence_interval":{"confidence_level":0.95,"lower_bound":31372.9273930192,"upper_bound":487341.73084795475},"point_estimate":58422.59326279163,"standard_error":113401.29322581518},"slope":null,"std_dev":{"confidence_interval":{"confidence_level":0.95,"lower_bound":2430172.5269467225,"upper_bound":4327750.63584744},"point_estimate":3448326.4596225466,"standard_error":485688.6821989628}}