{"mean":{"confidence_interval":{"confidence_level":0.95,"lower_bound":2938262.306666666,"upper_bound":2957697.992083334},"point_estimate":2946852.4483333332,"standard_error":5005.595629238418},"median":{"confidence_interval":{"confidence_level":0.95,"lower_bound":2930671.388888889,"upper_bound":2933641.111111111},"point_estimate":2931551.944444444,"standard_error":620.4247684462223},"median_abs_dev":{"confidence_interval":{"confidence_level":0.95,"lower_bound":2852.5532368573568,"upper_bound":6316.90547118592},"point_estimate":4169.15349264932,"standard_error":815.945030970157},"slope":null,"std_dev":{"confidence_interval":{"confidence_level":0.95,"lower_bound":23552.7014054517,"upper_bound":73812.54246765125},"point_estimate":50047.72376789418,"standard_error":13307.799732228264}}