{"mean":{"confidence_interval":{"confidence_level":0.95,"lower_bound":3297165.041617648,"upper_bound":3524715.8233970576},"point_estimate":3408760.3370588245,"standard_error":58228.23425874696},"median":{"confidence_interval":{"confidence_level":0.95,"lower_bound":2931613.401470588,"upper_bound":3439385.2352941176},"point_estimate":3027304.529411765,"standard_error":137458.4671183128},"median_abs_dev":{"confidence_interval":{"confidence_level":0.95,"lower_bound":6066.886304055923,"upper_bound":755327.6718990766},"point_estimate":147573.24833887455,"standard_error":202497.84664495446},"slope":null,"std_dev":{"confidence_interval":{"confidence_level":0.95,"lower_bound":515928.9670399509,"upper_bound":635301.6794001891},"point_estimate":583463.1545158267,"standard_error":30493.65316521232}}