{"mean":{"confidence_interval":{"confidence_level":0.95,"lower_bound":-0.010366278295588172,"upper_bound":-0.003977070891419044},"point_estimate":-0.0068402301534170595,"standard_error":0.0016428611360789689},"median":{"confidence_interval":{"confidence_level":0.95,"lower_bound":-0.0015676104526901602,"upper_bound":-0.0010341881641141581},"point_estimate":-0.001289145269886327,"standard_error":0.00013568930071919936}}