{"mean":{"confidence_interval":{"confidence_level":0.95,"lower_bound":3290272.992765625,"upper_bound":3340673.4804531247},"point_estimate":3313724.123125,"standard_error":12902.709197387305},"median":{"confidence_interval":{"confidence_level":0.95,"lower_bound":3260124.6875,"upper_bound":3262209.0625},"point_estimate":3261204.90625,"standard_error":578.1456957665417},"median_abs_dev":{"confidence_interval":{"confidence_level":0.95,"lower_bound":2558.50424207747,"upper_bound":6192.681096307933},"point_estimate":4180.375950783491,"standard_error":947.4198438264889},"slope":null,"std_dev":{"confidence_interval":{"confidence_level":0.95,"lower_bound":85991.28398096627,"upper_bound":166483.02536054447},"point_estimate":129828.71773403444,"standard_error":20575.403316141943}}