{"mean":{"confidence_interval":{"confidence_level":0.95,"lower_bound":53841898.062249996,"upper_bound":53858068.596999995},"point_estimate":53849597.45,"standard_error":4127.343931140995},"median":{"confidence_interval":{"confidence_level":0.95,"lower_bound":53836260.5,"upper_bound":53848795.0},"point_estimate":53842740.5,"standard_error":2614.8991359535744},"median_abs_dev":{"confidence_interval":{"confidence_level":0.95,"lower_bound":18104.02827858925,"upper_bound":34026.410695910454},"point_estimate":25538.525846600533,"standard_error":4035.4590807601207},"slope":null,"std_dev":{"confidence_interval":{"confidence_level":0.95,"lower_bound":29986.251181354244,"upper_bound":53081.456155747706},"point_estimate":41527.32953672822,"standard_error":6007.056529985436}}