{"mean":{"confidence_interval":{"confidence_level":0.95,"lower_bound":3260497.884046875,"upper_bound":3265079.7658125},"point_estimate":3262579.603125,"standard_error":1171.8037377187243},"median":{"confidence_interval":{"confidence_level":0.95,"lower_bound":3258135.125,"upper_bound":3259396.8125},"point_estimate":3258736.3125,"standard_error":342.08245016796843},"median_abs_dev":{"confidence_interval":{"confidence_level":0.95,"lower_bound":1754.2400876060128,"upper_bound":3288.32102880813},"point_estimate":2315.0798588991165,"standard_error":397.2374155928726},"slope":null,"std_dev":{"confidence_interval":{"confidence_level":0.95,"lower_bound":6129.096009479775,"upper_bound":16222.596013441622},"point_estimate":11783.18505603049,"standard_error":2554.189743137228}}