{"mean":{"confidence_interval":{"confidence_level":0.95,"lower_bound":-0.007582232555962358,"upper_bound":-0.0005768635062736924},"point_estimate":-0.003101113157060631,"standard_error":0.0020665060169860632},"median":{"confidence_interval":{"confidence_level":0.95,"lower_bound":-0.0008385477442478528,"upper_bound":-0.0004880074869366702},"point_estimate":-0.000674907629591881,"standard_error":0.00008738622834988248}}