{"mean":{"confidence_interval":{"confidence_level":0.95,"lower_bound":-0.002470739605551567,"upper_bound":-0.001915946230324503},"point_estimate":-0.002197188998201982,"standard_error":0.00014147661128947872},"median":{"confidence_interval":{"confidence_level":0.95,"lower_bound":-0.002387208654225814,"upper_bound":-0.0017862034718720832},"point_estimate":-0.0020335014802471685,"standard_error":0.000145798339404488}}