{"mean":{"confidence_interval":{"confidence_level":0.95,"lower_bound":-0.03890301934264466,"upper_bound":-0.015343914453098684},"point_estimate":-0.02697695918887444,"standard_error":0.006003689204681699},"median":{"confidence_interval":{"confidence_level":0.95,"lower_bound":-0.007909777056857248,"upper_bound":-0.002318261994047388},"point_estimate":-0.0031955603716853354,"standard_error":0.0017124441965441146}}