{"mean":{"confidence_interval":{"confidence_level":0.95,"lower_bound":-0.05939761681928735,"upper_bound":-0.01569651694865437},"point_estimate":-0.03655128870951163,"standard_error":0.011153157465281232},"median":{"confidence_interval":{"confidence_level":0.95,"lower_bound":-0.006385585802265004,"upper_bound":-0.0010923217946125865},"point_estimate":-0.002603391581831649,"standard_error":0.0015399269904428797}}