{"mean":{"confidence_interval":{"confidence_level":0.95,"lower_bound":-0.05891555490296471,"upper_bound":-0.022686335979713368},"point_estimate":-0.03987049412032828,"standard_error":0.009263946204015668},"median":{"confidence_interval":{"confidence_level":0.95,"lower_bound":-0.004398285910246522,"upper_bound":0.00008168172541855867},"point_estimate":-0.001164514518820381,"standard_error":0.0009741961403117229}}