{"mean":{"confidence_interval":{"confidence_level":0.95,"lower_bound":6675000.1773125,"upper_bound":6677874.659968751},"point_estimate":6676309.45875,"standard_error":735.0106499651972},"median":{"confidence_interval":{"confidence_level":0.95,"lower_bound":6674287.5625,"upper_bound":6675402.0},"point_estimate":6674646.9375,"standard_error":297.5029031693428},"median_abs_dev":{"confidence_interval":{"confidence_level":0.95,"lower_bound":2438.8769567012787,"upper_bound":4245.888337120414},"point_estimate":3470.303225889802,"standard_error":430.6060840279236},"slope":null,"std_dev":{"confidence_interval":{"confidence_level":0.95,"lower_bound":4423.594926548887,"upper_bound":10444.720372599748},"point_estimate":7387.588509101963,"standard_error":1659.4582032379774}}