{"mean":{"confidence_interval":{"confidence_level":0.95,"lower_bound":34029439.015625,"upper_bound":34530908.911125004},"point_estimate":34263392.025,"standard_error":127692.95549720008},"median":{"confidence_interval":{"confidence_level":0.95,"lower_bound":33689589.0,"upper_bound":33720370.0},"point_estimate":33700569.5,"standard_error":9351.681804610043},"median_abs_dev":{"confidence_interval":{"confidence_level":0.95,"lower_bound":43956.49466961622,"upper_bound":104096.13329317416},"point_estimate":67738.13954740763,"standard_error":16746.280645771134},"slope":null,"std_dev":{"confidence_interval":{"confidence_level":0.95,"lower_bound":875516.7866474324,"upper_bound":1624283.7851675372},"point_estimate":1284670.65268099,"standard_error":190646.76939548383}}