{"mean":{"confidence_interval":{"confidence_level":0.95,"lower_bound":6733131.2565,"upper_bound":6843492.007625},"point_estimate":6783933.17125,"standard_error":28215.38904875484},"median":{"confidence_interval":{"confidence_level":0.95,"lower_bound":6679540.8125,"upper_bound":6685389.0625},"point_estimate":6682740.25,"standard_error":1598.4863494870285},"median_abs_dev":{"confidence_interval":{"confidence_level":0.95,"lower_bound":6907.155289873481,"upper_bound":15609.461160376668},"point_estimate":10786.192796006799,"standard_error":2255.0882192521267},"slope":null,"std_dev":{"confidence_interval":{"confidence_level":0.95,"lower_bound":173497.1587536011,"upper_bound":368894.29816873424},"point_estimate":283358.46112344915,"standard_error":49675.20173701419}}