{"mean":{"confidence_interval":{"confidence_level":0.95,"lower_bound":6731737.02684375,"upper_bound":6814741.12375},"point_estimate":6769164.60875,"standard_error":21280.90073493874},"median":{"confidence_interval":{"confidence_level":0.95,"lower_bound":6680893.375,"upper_bound":6691271.125},"point_estimate":6683180.25,"standard_error":2734.4175384020573},"median_abs_dev":{"confidence_interval":{"confidence_level":0.95,"lower_bound":4969.67511177063,"upper_bound":20324.221739172935},"point_estimate":9448.980282247066,"standard_error":4118.522175476987},"slope":null,"std_dev":{"confidence_interval":{"confidence_level":0.95,"lower_bound":111388.43951915757,"upper_bound":297501.5695917303},"point_estimate":212901.97168349542,"standard_error":47966.05164841589}}