{"mean":{"confidence_interval":{"confidence_level":0.95,"lower_bound":2322415.265784091,"upper_bound":2323001.3650340918},"point_estimate":2322702.562727273,"standard_error":149.36535489931327},"median":{"confidence_interval":{"confidence_level":0.95,"lower_bound":2322182.2272727275,"upper_bound":2322889.272727273},"point_estimate":2322447.045454546,"standard_error":168.4802742408092},"median_abs_dev":{"confidence_interval":{"confidence_level":0.95,"lower_bound":998.4636913646979,"upper_bound":1718.4732056278986},"point_estimate":1307.7542631472986,"standard_error":187.3752225903429},"slope":null,"std_dev":{"confidence_interval":{"confidence_level":0.95,"lower_bound":1243.1815238852384,"upper_bound":1731.693280393243},"point_estimate":1497.7815082443867,"standard_error":124.78336933345894}}