{"mean":{"confidence_interval":{"confidence_level":0.95,"lower_bound":2333904.298022727,"upper_bound":2361149.045965909},"point_estimate":2346440.1695454544,"standard_error":6961.668523477223},"median":{"confidence_interval":{"confidence_level":0.95,"lower_bound":2320964.3181818184,"upper_bound":2321753.4318181816},"point_estimate":2321260.8636363633,"standard_error":211.67984126677393},"median_abs_dev":{"confidence_interval":{"confidence_level":0.95,"lower_bound":963.1171601741679,"upper_bound":1930.7832066314645},"point_estimate":1331.037821823869,"standard_error":241.2590070510354},"slope":null,"std_dev":{"confidence_interval":{"confidence_level":0.95,"lower_bound":43977.93704807971,"upper_bound":91880.33916668549},"point_estimate":70337.9899065448,"standard_error":12237.777363570896}}