{"mean":{"confidence_interval":{"confidence_level":0.95,"lower_bound":13445482.75475,"upper_bound":13452752.5018125},"point_estimate":13449072.9175,"standard_error":1854.6443890554735},"median":{"confidence_interval":{"confidence_level":0.95,"lower_bound":13440716.25,"upper_bound":13454996.34375},"point_estimate":13450325.0,"standard_error":3439.8161702987472},"median_abs_dev":{"confidence_interval":{"confidence_level":0.95,"lower_bound":17539.528338611126,"upper_bound":29734.28377211094},"point_estimate":24556.118039041758,"standard_error":3103.7664961222345},"slope":null,"std_dev":{"confidence_interval":{"confidence_level":0.95,"lower_bound":16212.506978076164,"upper_bound":21085.649798045855},"point_estimate":18645.333247874973,"standard_error":1250.9903082384108}}