{"mean":{"confidence_interval":{"confidence_level":0.95,"lower_bound":13590962.783125,"upper_bound":13936204.59475},"point_estimate":13748346.455,"standard_error":88408.22801622418},"median":{"confidence_interval":{"confidence_level":0.95,"lower_bound":13431958.25,"upper_bound":13451578.875},"point_estimate":13435603.5,"standard_error":4575.907071467618},"median_abs_dev":{"confidence_interval":{"confidence_level":0.95,"lower_bound":11983.484937250614,"upper_bound":39749.987894296646},"point_estimate":18414.262323081493,"standard_error":6513.085984685675},"slope":null,"std_dev":{"confidence_interval":{"confidence_level":0.95,"lower_bound":513105.6207134901,"upper_bound":1214423.529169025},"point_estimate":889635.6183682379,"standard_error":180406.4624441512}}