{"mean":{"confidence_interval":{"confidence_level":0.95,"lower_bound":0.0039225964095151175,"upper_bound":0.016073580638105097},"point_estimate":0.009715017260736092,"standard_error":0.0031747788737319007},"median":{"confidence_interval":{"confidence_level":0.95,"lower_bound":-0.0019447436913182514,"upper_bound":-0.00014189764538252714},"point_estimate":-0.001425336116631315,"standard_error":0.0004444684228356839}}