{"mean":{"confidence_interval":{"confidence_level":0.95,"lower_bound":6679765.9158125,"upper_bound":6699917.85125},"point_estimate":6687292.36875,"standard_error":5558.652704027852},"median":{"confidence_interval":{"confidence_level":0.95,"lower_bound":6677289.5,"upper_bound":6679641.375},"point_estimate":6678520.125,"standard_error":643.2931225517551},"median_abs_dev":{"confidence_interval":{"confidence_level":0.95,"lower_bound":3819.6408446878195,"upper_bound":6751.760280132294},"point_estimate":4958.5556119680405,"standard_error":748.7252743727984},"slope":null,"std_dev":{"confidence_interval":{"confidence_level":0.95,"lower_bound":9730.557387046647,"upper_bound":93533.16307284324},"point_estimate":55737.01145167259,"standard_error":27855.72415486483}}