{"mean":{"confidence_interval":{"confidence_level":0.95,"lower_bound":1356303.7333333334,"upper_bound":1356771.1284047621},"point_estimate":1356515.192380952,"standard_error":119.16271759110747},"median":{"confidence_interval":{"confidence_level":0.95,"lower_bound":1356105.6666666667,"upper_bound":1356423.9761904762},"point_estimate":1356262.8095238097,"standard_error":84.95887473210115},"median_abs_dev":{"confidence_interval":{"confidence_level":0.95,"lower_bound":492.4349912575023,"upper_bound":859.2725847449361},"point_estimate":668.1936881371003,"standard_error":92.60907867551262},"slope":null,"std_dev":{"confidence_interval":{"confidence_level":0.95,"lower_bound":765.0123081427823,"upper_bound":1652.5926214389117},"point_estimate":1191.8195432126804,"standard_error":242.92287064974806}}