{"mean":{"confidence_interval":{"confidence_level":0.95,"lower_bound":-0.9195674153736307,"upper_bound":-0.9176460431998815},"point_estimate":-0.9185096144028141,"standard_error":0.0004899736550182203},"median":{"confidence_interval":{"confidence_level":0.95,"lower_bound":-0.9170397213866034,"upper_bound":-0.9167388810121254},"point_estimate":-0.9167599453680388,"standard_error":0.00007057143325864099}}