{"mean":{"confidence_interval":{"confidence_level":0.95,"lower_bound":-0.01035545198705188,"upper_bound":0.01804167287203604},"point_estimate":0.0032134168637032445,"standard_error":0.007311886634820709},"median":{"confidence_interval":{"confidence_level":0.95,"lower_bound":-0.004983422203806959,"upper_bound":0.0015870459063023201},"point_estimate":-0.001344789062992402,"standard_error":0.0015216150162487522}}