{"mean":{"confidence_interval":{"confidence_level":0.95,"lower_bound":0.003277291264751681,"upper_bound":0.020804689804366085},"point_estimate":0.0118465032489945,"standard_error":0.0045265798950430815},"median":{"confidence_interval":{"confidence_level":0.95,"lower_bound":0.000029565574842127518,"upper_bound":0.0012504448598831537},"point_estimate":0.0004877518024803962,"standard_error":0.0003644515440251016}}