{"mean":{"confidence_interval":{"confidence_level":0.95,"lower_bound":-0.9321521562707421,"upper_bound":-0.9308558852529244},"point_estimate":-0.931517575147452,"standard_error":0.0003308559549883688},"median":{"confidence_interval":{"confidence_level":0.95,"lower_bound":-0.9311616412984106,"upper_bound":-0.9310905878322006},"point_estimate":-0.9311210196718971,"standard_error":0.000020509999304301305}}