{"mean":{"confidence_interval":{"confidence_level":0.95,"lower_bound":13657175.274375001,"upper_bound":14024764.653625},"point_estimate":13826609.725,"standard_error":94295.17053179601},"median":{"confidence_interval":{"confidence_level":0.95,"lower_bound":13381594.75,"upper_bound":13482714.5},"point_estimate":13407239.25,"standard_error":23295.06956795857},"median_abs_dev":{"confidence_interval":{"confidence_level":0.95,"lower_bound":22919.925341215127,"upper_bound":166625.7045418024},"point_estimate":58473.557636886835,"standard_error":33947.5670740016},"slope":null,"std_dev":{"confidence_interval":{"confidence_level":0.95,"lower_bound":579259.7465587963,"upper_bound":1288919.4867263467},"point_estimate":949006.8153318767,"standard_error":184034.95937824185}}