{"mean":{"confidence_interval":{"confidence_level":0.95,"lower_bound":13491306.9625,"upper_bound":13583966.84},"point_estimate":13533375.2925,"standard_error":23847.59988174545},"median":{"confidence_interval":{"confidence_level":0.95,"lower_bound":13438228.0,"upper_bound":13448798.5},"point_estimate":13440483.25,"standard_error":2696.575640552551},"median_abs_dev":{"confidence_interval":{"confidence_level":0.95,"lower_bound":10708.078309893608,"upper_bound":25189.373552799225},"point_estimate":15723.528695851564,"standard_error":3794.2637503601436},"slope":null,"std_dev":{"confidence_interval":{"confidence_level":0.95,"lower_bound":139984.51913323897,"upper_bound":329576.7876584134},"point_estimate":239171.3791555794,"standard_error":48979.83212697601}}