{"mean":{"confidence_interval":{"confidence_level":0.95,"lower_bound":26940436.112625,"upper_bound":27144754.889374997},"point_estimate":27030317.92,"standard_error":52328.33071114321},"median":{"confidence_interval":{"confidence_level":0.95,"lower_bound":26902524.5,"upper_bound":26908427.0},"point_estimate":26905696.75,"standard_error":1557.4536634877759},"median_abs_dev":{"confidence_interval":{"confidence_level":0.95,"lower_bound":9536.824330687523,"upper_bound":18024.709179997444},"point_estimate":14148.080898821354,"standard_error":2229.2305299030672},"slope":null,"std_dev":{"confidence_interval":{"confidence_level":0.95,"lower_bound":229856.81982982447,"upper_bound":750671.5045852736},"point_estimate":524256.1922491468,"standard_error":133514.0438798306}}