{"mean":{"confidence_interval":{"confidence_level":0.95,"lower_bound":1997740.6730769223,"upper_bound":1998317.683298076},"point_estimate":1998026.3934615385,"standard_error":146.94598347763062},"median":{"confidence_interval":{"confidence_level":0.95,"lower_bound":1997339.4615384615,"upper_bound":1998193.596153846},"point_estimate":1997885.1923076925,"standard_error":206.43739167796625},"median_abs_dev":{"confidence_interval":{"confidence_level":0.95,"lower_bound":1012.1595974151109,"upper_bound":1654.4105013975864},"point_estimate":1388.3978522743798,"standard_error":169.9051122720584},"slope":null,"std_dev":{"confidence_interval":{"confidence_level":0.95,"lower_bound":1204.9777530900549,"upper_bound":1707.9109453064484},"point_estimate":1469.6920153598135,"standard_error":128.13646574576026}}