{"mean":{"confidence_interval":{"confidence_level":0.95,"lower_bound":2475528.891615386,"upper_bound":3277543.5594615396},"point_estimate":2846476.683461539,"standard_error":205297.43866520407},"median":{"confidence_interval":{"confidence_level":0.95,"lower_bound":1994400.5,"upper_bound":2034735.3076923077},"point_estimate":1995297.2692307692,"standard_error":10952.757101135865},"median_abs_dev":{"confidence_interval":{"confidence_level":0.95,"lower_bound":1381.6691293166898,"upper_bound":61268.472423805666},"point_estimate":3094.129121991251,"standard_error":16201.529368033522},"slope":null,"std_dev":{"confidence_interval":{"confidence_level":0.95,"lower_bound":1244772.0244311462,"upper_bound":2708989.806933009},"point_estimate":2059938.5656833474,"standard_error":373806.93785781454}}