{"mean":{"confidence_interval":{"confidence_level":0.95,"lower_bound":2011142.6246346165,"upper_bound":2038662.7142211532},"point_estimate":2023946.529615385,"standard_error":7045.075666806632},"median":{"confidence_interval":{"confidence_level":0.95,"lower_bound":1997211.5,"upper_bound":1998420.596153846},"point_estimate":1997734.7692307692,"standard_error":295.3955245675188},"median_abs_dev":{"confidence_interval":{"confidence_level":0.95,"lower_bound":1876.4013359178005,"upper_bound":3846.035400950151},"point_estimate":2895.7743524359485,"standard_error":475.03427941658236},"slope":null,"std_dev":{"confidence_interval":{"confidence_level":0.95,"lower_bound":45809.78058805602,"upper_bound":90702.0794130105},"point_estimate":70653.53119134421,"standard_error":11466.573407295486}}