{"mean":{"confidence_interval":{"confidence_level":0.95,"lower_bound":-0.016089589954568263,"upper_bound":-0.003890855722620372},"point_estimate":-0.009332369568360588,"standard_error":0.0031258462346225517},"median":{"confidence_interval":{"confidence_level":0.95,"lower_bound":-0.002139090306990332,"upper_bound":-0.0010853298442635806},"point_estimate":-0.0015669845800140303,"standard_error":0.0002524738576506581}}