{"mean":{"confidence_interval":{"confidence_level":0.95,"lower_bound":-0.9324647923891612,"upper_bound":-0.927369457616467},"point_estimate":-0.9300891442609188,"standard_error":0.0013062784613533543},"median":{"confidence_interval":{"confidence_level":0.95,"lower_bound":-0.9379007787807804,"upper_bound":-0.9267485998094227},"point_estimate":-0.9357524367135519,"standard_error":0.0030109143673180475}}