{"mean":{"confidence_interval":{"confidence_level":0.95,"lower_bound":-0.05163646302827118,"upper_bound":-0.0017306371841044389},"point_estimate":-0.026946649968114023,"standard_error":0.012714674109143101},"median":{"confidence_interval":{"confidence_level":0.95,"lower_bound":-0.01655395615709665,"upper_bound":-0.0008900091799010079},"point_estimate":-0.008469080848911292,"standard_error":0.004094883466958505}}